,detector,filtername,unique_tag,wave,filtwidth,x,y,median,median_clipped,observtn,visit,maca_scale,sb_mjsr_scaled,sb_mjsr_scaled_std,shortdet,astro_bkg_subtracted
0,MIRIMAGE,F1280W,245.0432_29.5309_doy133,12.8,2.4,1024.0,1032.0,36.1053524017334,36.1024284362793,5.0,1.0,1.494,24.1669025446676,0.030602998596328996,MIRI,7.489652544667599
1,MIRIMAGE,F1500W,245.0432_29.5309_doy133,15.0,3.0,1024.0,1032.0,61.155914306640625,61.1529426574707,4.0,1.0,1.095,55.8501500517266,0.07664662408834681,MIRI,35.295700051726605
2,MIRIMAGE,F1800W,245.0432_29.5309_doy133,18.0,3.0,1024.0,1032.0,91.3291244506836,91.30774307250977,5.0,1.5,1.1,83.02647677334872,0.03082531895128424,MIRI,59.28457677334872
3,MIRIMAGE,F2100W,245.0432_29.5309_doy133,21.0,5.0,1024.0,1032.0,237.62820434570312,237.6221618652344,6.0,1.0,1.0,237.62820434570312,0.004444535417685674,MIRI,212.57765434570314
4,MIRIMAGE,F2550W,245.0432_29.5309_doy133,25.5,4.0,1024.0,1032.0,847.0302734375,847.0227661132812,6.0,1.0,1.0,847.0302734375,0.5079681454451093,MIRI,822.3025734375
5,MIRIMAGE,F770W,245.0432_29.5309_doy133,7.7,2.2,1024.0,1032.0,6.526079416275024,6.522340297698975,4.0,1.0,1.0,6.526079416275024,0.003567635160113382,MIRI,1.8207794162750242
